Film ,Lead Studio,Rotten Tomatoes %,Audience  score %,Story,Genre,Number of Theatres in US Opening Weekend,Box Office Average per US Cinema (Opening Weekend),Domestic Gross,Foreign Gross,Worldwide Gross,Budget,Profitability,Opening Weekend,Oscar,Bafta,Source
,,,,,,,($),($m),($m),($m),($m),% of budget recovered,($m)
Average,,53,62,,,"2,828","8,339",63,97,151,53,282%,20
Insidious,Sony,67,65,Monster Force,Horror,2408,5511,54.01,43.00,97.01,1.5,6467.27%,13.27,,,http://boxofficemojo.com/movies/?id=insidious.htm
Paranormal Activity 3,Independent,68,58,Monster Force,Horror,3321,15829,103.66,98.24,201.90,5,4037.94%,52.57,,,http://boxofficemojo.com/movies/?id=paranormalactivity3.htm
Bad Teacher,Independent,44,38,Comedy,Comedy,3049,10365,100.29,115.90,216.20,20,1080.98%,31.60,,,http://boxofficemojo.com/movies/?id=badteacher.htm
Harry Potter and the Deathly Hallows Part 2,Warner Bros,96,92,Rivalry,Fantasy,4375,38672,381.01,947.10,"1,328.11",125,1062.49%,169.19,,,http://boxofficemojo.com/movies/?id=harrypotter72.htm
Bridesmaids,Relativity Media,90,77,Rivalry,Comedy,2918,8995,169.11,119.28,288.38,32.5,887.33%,26.25,,,http://boxofficemojo.com/movies/?id=wiigapatow.htm
Midnight in Paris,Sony,93,84,Love,Romance,944,6177,56.18,83.00,139.18,17,818.69%,5.83,,,http://boxofficemojo.com/movies/?id=midnightinparis.htm
The Help,DreamWorks Pictures,75,91,Maturation,Drama,2534,10278,169.22,30.10,199.32,25,797.30%,26.04,,,http://boxofficemojo.com/movies/?id=help2011.htm
The Hangover Part II,Legendary Pictures,35,58,Comedy,Comedy,3615,23775,254.46,327.00,581.46,80,726.83%,85.95,,,http://boxofficemojo.com/movies/?id=hangover2.htm
Another Earth,Independent,63,74,Temptation,Fantasy,,,1.32,,1.32,0.2,660.50%,0.08,,,http://boxofficemojo.com/movies/?id=anotherearth.htm
Limitless,Virgin,69,73,Wretched Excess,Thriller,2756,6860,79.25,82.60,161.85,27,599.44%,18.91,,,http://boxofficemojo.com/movies/?id=darkfields.htm
Horrible Bosses,Warner Bros,69,72,Revenge,Comedy,3040,9310,117.54,92.10,209.64,35,598.97%,28.30,,,http://boxofficemojo.com/movies/?id=horriblebosses.htm
No Strings Attached,Spyglass Entertainment,49,57,Comedy,Comedy,3018,6512,70.60,77.10,147.70,25,590.80%,19.70,,,http://boxofficemojo.com/movies/?id=friendswithbenefits.htm
Twilight: Breaking Dawn,Independent,26,68,Love,Romance,4061,34012,260.80,374.00,634.80,110,577.09%,138.12,,,http://boxofficemojo.com/movies/?id=breakingdawn.htm
Transformers: Dark of the Moon,DreamWorks Pictures,35,67,Quest,Action,4088,23937,352.39,770.81,"1,123.20",195,576.00%,97.85,,,http://boxofficemojo.com/movies/?id=transformers3.htm
Gnomeo and Juliet,Disney,56,52,Love,Animation,2994,8469,99.97,94.00,193.97,36,538.80%,25.36,,,http://www.imdb.com/title/tt0377981/
Rio,20th Century Fox,71,73,Quest,Animation,3826,10252,143.62,341.02,484.63,90,538.48%,39.23,,,http://boxofficemojo.com/movies/?id=rio.htm
Super 8 ,Paramount,82,78,Monster Force,Horror,3379,10492,127.00,132.71,259.71,50,519.43%,35.45,,,http://boxofficemojo.com/movies/?id=super8.htm
Rise of the Planet of the Apes,20th Century Fox,83,87,Revenge,Action,3648,15024,176.70,304.52,481.23,93,517.45%,54.81,,,http://boxofficemojo.com/movies/?id=riseoftheapes.htm
Apollo 18,Weinstein Company,23,31,Monster Force,Horror,3328,2615,17.69,7.88,25.56,5,511.24%,8.70,,,http://boxofficemojo.com/movies/?id=apollo18.htm
The Smurfs,Sony Pictures Animation,23,50,Fish Out Of Water,Animation,3395,10489,142.61,419.54,562.16,110,511.05%,35.61,,,http://boxofficemojo.com/movies/?id=smurfs.htm
Fast Five,Universal,78,83,Escape,Action,3644,23655,209.83,416.3,626.13,125,500.90%
Our Idiot Brother,The Weinstein Company,68,79,Comedy,Comedy,2555,2744,24.82,,24.82,5,496.32%,,,,http://boxofficemojo.com/movies/?id=ouridiotbrother.htm
50/50,Independent,93,93,Discovery,Comedy,2458,3517,34.90,1.62,36.51,8,456.39%,8.64,,,http://boxofficemojo.com/movies/?id=50fifty.htm
Drive,Independent,93,79,Rivalry,Thriller,2886,3929,34.68,32.33,67.01,15,446.71%,11.34,,,http://boxofficemojo.com/movies/?id=drive2011.htm
Beginners,Independent,84,80,Love,Comedy,,,5.79,8.39,14.18,3.2,443.19%,0.14,,,http://boxofficemojo.com/movies/?id=beginners.htm
Kung Fu Panda 2,DreamWorks Animation,82,80,Rivalry,Animation,3925,12142,165.25,497.78,663.02,150,442.02%,47.66,,,http://boxofficemojo.com/movies/?id=kungfupanda2.htm
Unknown,Independent,55,57,The Riddle,Thriller,3043,7183,63.69,67.10,130.79,30,435.95%,21.86,,,http://boxofficemojo.com/movies/?id=unknownwhitemale11.htm
The Ides of March,Columbia,85,76,Transformation,Thriller,2199,4761,40.49,13.70,54.19,12.5,433.55%,10.47,,,http://latimesblogs.latimes.com/entertainmentnewsbuzz/2011/10/movie-projector-real-steel-ides-of-march.html
Friends With Benefits,Warner Bros,71,68,Temptation,Romance,2926,6364,55.80,93.74,149.54,35,427.26%,18.62,,,http://boxofficemojo.com/movies/?id=friendswithbenefits10.htm
"Pirates of the Caribbean:
On Stranger Tides",Disney,34,61,Quest,Action,4155,21697,241.07,802.80,"1,043.87",250,417.55%,90.15,,,http://boxofficemojo.com/movies/?id=piratesofthecaribbean4.htm
Final Destination 5,New Line Cinema,61,56,Monster Force,Horror,3155,5715,42.59,115.30,157.89,40,394.72%,18.03,,,http://boxofficemojo.com/movies/?id=finaldestination5.htm
Source Code,Summit Entertainment,92,81,The Riddle,Thriller,2961,5002,54.71,68.57,123.28,32,385.24%,14.81,,,http://boxofficemojo.com/movies/?id=sourcecode.htm
Mission Impossible 4,Paramount,93,86,Pursuit,Action,3448,8672,202.64,369,571.64,145,394.23%,29.55
One Day,Independent,37,54,Love,Romance,1719,2955,13.84,41.40,55.24,15,368.27%,5.08,,,http://boxofficemojo.com/movies/?id=oneday.htm
Sanctum,Relativity Media,30,39,Quest,Action,2787,3390,23.20,85.40,108.60,30,362.00%,9.40,,,http://boxofficemojo.com/movies/?id=sanctum.htm
Sherlock Holmes 2,Warner Bros,60,79,Pursuit,Action,3703,10704,179.04,261,440.04,125,352.03%,39.63
Johnny English Reborn,Relativity Media,38,55,Comedy,Comedy,1552,2470,8.31,149.63,157.94,45,350.98%,3.83,,,http://boxofficemojo.com/movies/?id=johnnyenglish2.htm
Diary of a Wimpy Kid 2: Rodrick Rules,20th Century Fox,47,63,Comedy,Comedy,3167,7500,52.70,19.72,72.42,21,344.84%,23.75,,,http://boxofficemojo.com/movies/?id=diaryofawimpykid2.htm
Mr. Popper's Penguins,20th Century Fox,47,54,Discovery,Comedy,3339,5524,68.22,119.14,187.36,55,340.65%,18.45,,,http://boxofficemojo.com/movies/?id=mrpopperspenguins.htm
In Time,Regency Enterprises,38,55,The Riddle,Thriller,3122,3860,36.49,90.90,127.39,40,318.48%,12.05,,,http://boxofficemojo.com/movies/?id=now.htm
Water For Elephants,20th Century Fox,60,72,Love,Drama,2817,5979,58.71,58.39,117.09,38,308.14%,16.84,,,http://boxofficemojo.com/movies/?id=waterforelephants.htm
Battle: Los Angeles,Relativity Media,35,50,Monster Force,Action,3417,10411,83.55,128.27,211.82,70,302.60%,35.57,,,http://boxofficemojo.com/movies/?id=battlelosangeles.htm
Thor,Disney,77,80,Monster Force,Action,3955,16618,181.03,267.48,448.51,150,299.01%,65.72,,,http://boxofficemojo.com/movies/?id=thor.htm
Hop,Relativity Media,26,50,Fish Out Of Water,Animation,3579,10490,108.09,75.87,183.95,63,291.99%,37.54,,,http://boxofficemojo.com/movies/?id=ihop.htm
"Crazy, Stupid, Love",Warner Bros,78,81,Discovery,Romance,3020,6326,84.34,58.50,142.84,50,285.68%,19.10,,,http://boxofficemojo.com/movies/?id=crazystupidlove.htm
Cars 2,Pixar,38,56,Fish Out Of Water,Animation,4115,16072,191.45,360.40,551.85,200,275.93%,66.14,,,http://boxofficemojo.com/movies/?id=cars2.htm
Spy Kids: All The Time in the World,Weinstein Company,22,40,Quest,Action,3295,3534,38.54,35.54,74.08,27,274.37%,11.64,,,http://boxofficemojo.com/movies/?id=spykids4.htm
Just Go With It,Happy Madison,19,63,Comedy,Romance,3548,8601,103.03,111.92,214.95,80,268.68%,30.51,,,http://boxofficemojo.com/movies/?id=thepretendwife.htm
Captain America: The First Avenger,Disney,78,75,Metamorphosis,Action,3715,17512,176.65,191.75,368.40,140,263.15%,65.06,,,http://boxofficemojo.com/movies/?id=captainamerica.htm
The Rite,Warner Bros,20,43,Monster Force,Horror,2985,4955,33.00,63.00,96.00,37,259.46%,14.80,,,http://boxofficemojo.com/movies/?id=rite.htm 
Footloose,Spyglass Entertainment,71,71,Transformation,Drama,3549,4383,51.16,10.90,62.05,24,258.55%,15.56,,,http://boxofficemojo.com/movies/?id=footloose2010.htm
The Adjustment Bureau,Independent,72,67,Sacrifice,Thriller,2840,7450,62.50,65.37,127.87,50.2,254.72%,21.16,,,http://boxofficemojo.com/movies/?id=adjustmentbureau.htm
Margin Call,Independent,86,73,Sacrifice,Thriller,,,4.94,3.93,8.87,3.5,253.40%,0.56,,,http://boxofficemojo.com/movies/?id=margincall.htm
The Roommate,Independent,4,29,Monster Force,Horror,2534,5921,37.30,3.19,40.49,16,253.08%,15.00,,,http://boxofficemojo.com/movies/?id=roommate10.htm
Soul Surfer,Sony,46,79,Underdog,Drama,2214,4789,43.85,0.41,44.27,18,245.93%,10.60,,,http://boxofficemojo.com/movies/?id=soulsurfer.htm
Real Steel,DreamWorks Pictures,58,81,Underdog,Action,3440,7942,83.61,186.20,269.81,110,245.28%,27.32,,,http://latimesblogs.latimes.com/entertainmentnewsbuzz/2011/10/movie-projector-real-steel-ides-of-march.html
Paul,Relativity,72,70,Comedy,Comedy,2802,4655,37.41,60.57,97.98,40,244.96%,13.04,,,http://boxofficemojo.com/movies/?id=paul.htm
Immortals,Relativity Media,36,59,Revenge,Action,3112,10349,80.49,102.00,182.49,75,243.31%,32.21,,,http://boxofficemojo.com/movies/?id=warofgods.htm
Scream 4,Weinstein Company,58,57,Monster Force,Horror,3305,5656,38.18,58.96,97.14,40,242.84%,18.69,,,http://boxofficemojo.com/movies/?id=scream4.htm
I Am Number Four,Paramount,32,57,Maturation,Thriller,3154,6167,55.10,89.40,144.50,60,240.83%,19.45,,,http://boxofficemojo.com/movies/?id=iamnumberfour.htm
Dolphin Tale,Independent,84,81,Quest,Drama,3507,5461,71.08,16.86,87.95,37,237.69%,19.15,,,http://boxofficemojo.com/movies/?id=dolphintale.htm
Abduction,Vertigo Entertainment,4,46,Maturation,Action,3118,3504,28.07,54.00,82.07,35,234.48%,10.93,,,http://boxofficemojo.com/movies/?id=abduction11.htm
Hall Pass,Warner Bros,35,44,Temptation,Comedy,2950,4588,45.06,38.10,83.16,36,231.00%,13.54,,,http://boxofficemojo.com/movies/?id=hallpass.htm
Season Of The Witch,Relativity ,10,32,Monster Force,Action,2816,3769,24.80,66.80,91.60,40,229.00%,10.60,,,http://boxofficemojo.com/movies/?page=main&id=seasonofthewitch.htm
The Debt,Universal,76,70,Pursuit,Thriller,1826,5427,31.18,14.25,45.43,20,227.15%,9.91,,,http://boxofficemojo.com/movies/?id=debt.htm
Contagion,Warner Bros,84,63,The Riddle,Thriller,3222,6935,75.64,59.80,135.44,60,225.74%,22.40,,,http://boxofficemojo.com/movies/?id=contagion.htm
X-Men: First Class,Disney,87,88,Monster Force,Action,3641,15134,146.41,207.22,353.62,160,221.01%,55.10,,,http://boxofficemojo.com/movies/?id=xmenfirstclass.htm
Puss In Boots,DreamWorks,83,76,Quest,Animation,3952,8623,142.09,142.30,284.39,130,218.76%,34.08,,,http://boxofficemojo.com/movies/?id=pussinboots12.htm
Zookeeper,Happy Madison Productions,14,42,Comedy,Comedy,3482,5763,80.36,89.94,170.30,80,212.88%,20.07,,,http://boxofficemojo.com/movies/?id=zookeeper.htm
Hanna,Universal,71,67,Quest,Action,2535,4880,40.26,23.52,63.78,30,212.60%,12.37,,,http://boxofficemojo.com/movies/?id=hanna.htm
Red Riding Hood,Warner Bros,11,41,Monster Force,Horror,3030,4622,37.66,51.50,89.16,42,212.29%,14.01,,,http://boxofficemojo.com/movies/?id=redridinghood.htm
Moneyball,Columbia,95,89,Underdog,Drama,2993,6516,74.21,27.90,102.11,50,204.22%,19.50,,,http://boxofficemojo.com/movies/?id=moneyball.htm
Monte Carlo,20th Century Fox,38,50,Love,Romance,2473,3014,23.18,16.48,39.66,20,198.32%,7.45,,,http://boxofficemojo.com/movies/?id=montecarlo.htm
The Green Hornet,Columbia,44,47,Rivalry,Action,3584,9335,98.80,129.00,227.80,120,189.83%,33.50,,,http://boxofficemojo.com/movies/?id=greenhornet.htm
The Lincoln Lawyer,Lionsgate,84,82,Fish Out Of Water,Drama,2707,4879,58.01,17.00,75.01,40,187.52%,13.21,,,http://boxofficemojo.com/movies/?id=lincolnlawyer.htm
Rango,Paramount,88,69,Fish Out Of Water,Animation,3917,9722,123.26,121.90,245.15,135,181.60%,38.08,,,http://boxofficemojo.com/movies/?id=rango.htm
A Very Harold and Kumar Christmas,Lionsgate,72,71,Comedy,Comedy,2875,4506,34.04,??,34.04,19,179.18%,12.95,,,http://boxofficemojo.com/movies/?id=haroldandkumar3.htm
The Three Musketeers,Independent,24,48,Rivalry,Action,3017,2875,20.25,111.90,132.15,75,176.20%,8.67,,,http://boxofficemojo.com/movies/?id=threemusketeers11.htm
Larry Crowne,Universal,34,46,Discovery,Drama,2973,4405,35.61,16.80,52.41,30,174.69%,13.10,,,http://boxofficemojo.com/movies/?id=larrycrowne.htm
Something Borrowed,Independent,?,?,Love,Romance,2904,4802,39.05,21.14,60.18,35,171.95%,13.95,,,http://boxofficemojo.com/movies/?id=somethingborrowed.htm
The Tree Of Life,Independent,84,61,Discovery,Drama,4,93230,13.30,41.00,54.30,32,169.70%,0.37,,,http://boxofficemojo.com/movies/?id=treeoflife.htm
Beastly,CBS Films,19,50,Metamorphosis,Romance,1952,5047,27.87,0.97,28.83,17,169.61%,9.85,,,http://boxofficemojo.com/movies/?id=beastly.htm
Tower Heist,Relativity,68,61,Revenge,Comedy,3367,7135,74.50,47.00,121.50,75,162.01%,24.03,,,http://boxofficemojo.com/movies/?id=towerheist.htm
The Muppets,Disney,97,87,Quest,Comedy,3440,8500,66.63,5.80,72.43,45,160.95%,29.24,,,http://boxofficemojo.com/movies/?id=themuppets.htm
Shark Night 3D,Relativity,16,25,Escape,Horror,2806,2995,18.88,19.83,38.70,25,154.81%,8.40,,,http://boxofficemojo.com/movies/?id=shark3d.htm
Colombiana,Sony,28,55,Revenge,Action,2614,3982,36.67,24.30,60.97,40,152.41%,10.41,,,http://boxofficemojo.com/movies/?id=colombiana.htm
What's Your Number,20th Century Fox,24,50,Transformation,Comedy,3002,1806,14.01,16.42,30.43,20,152.13%,5.42,,,http://boxofficemojo.com/movies/?id=whatsyournumber.htm
30 Minutes or Less,Independent,43,48,Comedy,Comedy,2888,4616,37.05,3.49,40.55,28,144.81%,13.33,,,http://boxofficemojo.com/movies/?id=30minutesorless.htm
The Change Up,Relativity Media,24,53,Metamorphosis,Comedy,2913,4645,37.08,33.75,70.83,52,136.22%,13.53,,,http://boxofficemojo.com/movies/?id=changeup.htm
Priest,Sony,17,37,Monster Force,Action,2864,5221,29.14,49.17,78.31,60,130.51%,14.95,,,http://boxofficemojo.com/movies/?id=priest07.htm
The Mechanic,Independent,53,52,Revenge,Action,2703,4226,29.20,22.00,51.20,40,128.00%,11.40,,,http://boxofficemojo.com/movies/?id=mechanic.htm
Don't Be Afraid Of The Dark,Miramax Films,59,37,Monster Force,Horror,2760,3089,24.05,7.50,31.55,25,126.18%,8.53,,,http://boxofficemojo.com/movies/?id=dontbeafraidofthedark.htm
Fright Night,DreamWorks,75,68,Rivalry,Horror,3114,2477,18.30,18.80,37.10,30,123.67%,7.71,,,http://boxofficemojo.com/movies/?id=frightnight2011.htm
The Descendants,20th Century Fox,89,88,Discovery,Drama,29,41038,24.54,,24.54,20,122.71%,4.38,,,http://www.timryansreelhawaii.com/?p=2387
Arthur,Warner Bros,26,49,Sacrifice,Comedy,3276,3731,33.04,12.70,45.74,40,114.34%,12.22,,,http://boxofficemojo.com/movies/?id=arthur2011.htm
Winnie The Pooh,Disney,91,79,Quest,Animation,2405,3267,26.69,6.46,33.15,30,110.51%,7.86,,,http://boxofficemojo.com/movies/?id=winniethepooh.htm
Green Lantern,Warner Bros,27,48,Metamorphosis,Action,3816,13935,116.60,103.25,219.85,200,109.93%,53.17,,,http://boxofficemojo.com/movies/?id=greenlantern.htm
Sucker Punch,Legendary Pictures,23,48,Quest,Action,3033,6284,36.39,53.40,89.79,82,109.50%,19.06,,,http://boxofficemojo.com/movies/?id=suckerpunch.htm
The Eagle,Universal,39,43,Quest,Action,2296,3782,19.49,7.63,27.12,25,108.48%,8.68,,,http://boxofficemojo.com/movies/?id=eagleoftheninth.htm
Cowboys and Aliens,Universal,44,50,Monster Force,Action,3750,9715,100.24,74.58,174.82,163,107.25%,36.43,,,http://boxofficemojo.com/movies/?id=cowboysandaliens.htm
Jack and Jill,Happy Madison,4,59,Comedy,Comedy,3438,7273,68.91,15.00,83.91,79,106.22%,25.00,,,http://boxofficemojo.com/movies/?id=jackandjill.htm
J.Edgar,Warner Bros,42,84,Wretched Excess,Drama,1910,5873,35.06,,35.06,35,100.16%,11.22,,,http://boxofficemojo.com/movies/?id=jedgar.htm
The Dilemma,Spyglass Entertainment,23,31,Comedy,Comedy,2940,6060,48.50,21.20,69.70,70,99.57%,17.80,,,http://boxofficemojo.com/movies/?id=howardvaughnjames.htm
Warrior,Lionsgate,83,93,Rivalry,Action,1869,2805,13.66,9.40,23.06,25,92.23%,5.24,,,http://boxofficemojo.com/movies/?id=warrior10.htm
My Week with Marilyn,The Weinstein Company,83,84,Love,Drama,247,7174,5.31,2.95,8.26,10,82.58%,1.75,,,http://latimesblogs.latimes.com/entertainmentnewsbuzz/2011/11/muppets-arthur-christmas-hugo-box-office.html
Happy Feet 2,Village Roadshow Pictures,41,59,Journey and Return,Animation,3606,5889,57.31,49.20,106.51,135,78.89%,21.24,,,http://boxofficemojo.com/movies/?id=happyfeet2.htm
Dream House,Morgan Creek Productions,7,38,The Riddle,Horror,2661,3055,21.30,17.20,38.50,50,77.00%,8.13,,,http://boxofficemojo.com/movies/?id=dreamhouse.htm
Killer Elite,Independent,25,48,Rivalry,Action,2986,3132,25.12,27.84,52.96,70,75.66%,9.35,,,http://boxofficemojo.com/movies/?id=killerelite.htm
The Thing,Universal,36,52,Monster Force,Horror,2996,2835,16.93,10.50,27.43,38,72.18%,8.49,,,http://boxofficemojo.com/movies/?id=thing11.htm
Cedar Rapids,20th Century Fox,86,61,Maturation,Comedy,,,6.86,,6.86,10,68.61%,0.30,,,http://qctimes.com/news/local/article_b7491eb8-3d68-11e0-b394-001cc4c03286.html
Drive Angry,Independent,45,38,Rescue,Action,2290,2265,10.72,18.21,28.93,45,64.29%,5.19,,,http://latimesblogs.latimes.com/entertainmentnewsbuzz/2011/02/movie-projector-hall-pass-farrelly-brothers-drive-angry-nicolas-cage.html
Arthur Christmas,Aardman Animations,92,82,Journey and Return,Animation,3376,3537,33.70,57.50,91.20,150,60.80%,12.07,,,http://latimesblogs.latimes.com/entertainmentnewsbuzz/2011/11/muppets-arthur-christmas-hugo-box-office.html
The Conspirator,Independent,56,65,Underdog,Drama,707,4960,11.54,2.67,14.21,25,56.84%,3.51,,,http://boxofficemojo.com/movies/?id=conspirator.htm
Everything Must Go,Reliance Entertainment,74,53,Discovery,Drama,,,2.71,,2.71,5,54.22%,0.79,,,http://boxofficemojo.com/movies/?id=everythingmustgo.htm
Conan the Barbarian,Lionsgate,22,34,Quest,Action,3015,3324,21.30,27.50,48.80,90,54.22%,10.02,,,http://boxofficemojo.com/movies/?id=conan3d.htm
Your Highness,Universal,26,36,Comedy,Comedy,2769,3380,21.60,3.26,24.86,49.9,49.81%,9.36,,,http://boxofficemojo.com/movies/?id=yourhighness.htm
The Rum Diary,Independent,50,48,Discovery,Drama,2273,2259,13.07,8.48,21.55,45,47.89%,5.14,,,http://boxofficemojo.com/movies/?id=rumdiary.htm
Anonymous,Relativity Media,46,66,Tragedy,Drama,265,3856,4.46,9.73,14.19,30,47.30%,1.02,,,http://boxofficemojo.com/movies/?id=anonymous.htm
A Dangerous Method,Independent,79,89,Love,Drama,,,0.54,8.44,8.97,20,44.86%,0.17,,,http://boxofficemojo.com/movies/?id=dangerousmethod.htm
The Company Men,Weinstein Company,66,55,Discovery,Drama,106,6111,4.40,0.40,4.80,15,32.00%,0.64,,,http://boxofficemojo.com/movies/?id=companymen.htm
Take Shelter,Independent,92,85,Sacrifice,Drama,,,1.57,?,1.57,5,31.46%,0.05,,,http://boxofficemojo.com/movies/?id=takeshelter.htm
The Beaver,Summit Entertainment,62,57,Transformation,Drama,22,4890,0.97,5.40,6.37,21,30.33%,0.11,,,http://boxofficemojo.com/movies/?id=beaver.htm
Take Me Home Tonight,Relativity,28,46,Discovery,Comedy,2003,1730,6.93,,6.93,25,27.71%,3.46,,,http://goforamovie.com/tag/take-me-home-tonight-budget/
Red State,Independent,57,59,Escape,Horror,,,1.10,?,1.10,4,27.60%,,,,http://www.movieline.com/2011/04/how-kevin-smiths-red-state-earned-back-its-budget-six-months-before-release.php
Mars Needs Moms,Disney,36,43,Rescue,Animation,3117,2218,21.39,17.60,38.99,150,25.99%,6.91,,,http://boxofficemojo.com/movies/?id=marsneedsmoms.htm
Dylan Dog: Dead of Night,Independent,6,28,Monster Force,Horror,,,1.19,3.45,4.63,20,23.17%,0.75,,,http://boxofficemojo.com/movies/?id=dylandog.htm
The Big Year,Independent,38,62,Transformation,Comedy,2150,1513,7.17,0.24,7.41,41,18.07%,3.25,,,http://boxofficemojo.com/movies/?id=bigyear.htm
Vanishing on 7th Street,Independent,52,62,Monster Force,Horror,,,0.02,1.05,1.07,10,10.67%,0.00,,,http://en.wikipedia.org/wiki/Vanishing_on_7th_Street
Trespass,Independent,11,24,Escape,Thriller,,,0.02,3.10,3.12,35,8.93%,0.02,,,http://en.wikipedia.org/wiki/Trespass_%282011_film%29
Hesher,Independent,54,68,Wretched Excess,Drama,,,0.38,??,0.38,7,5.46%,0.13,,,http://boxofficemojo.com/movies/?id=hesher.htm
Machine Gun Preacher,Lionsgate,29,71,Transformation,Action,,,0.54,0.57,1.10,30,3.68%,0.05,,,http://boxofficemojo.com/movies/?id=machinegunpreacher.htm
Waiting For Forever,Independent,6,53,Love,Romance,3,2972,0.03,,0.03,5,0.50%,0.01,,,http://boxofficemojo.com/movies/?id=waitingforforever.htm
The Son Of No One,Independent,18,61,Discovery,Thriller,,,0.03,?,0.03,15,0.20%,0.02,,,http://en.wikipedia.org/wiki/The_Son_of_No_One
Hugo,Paramount,93,84,,Adventure,1277,8899,,,,,,11.36
Jane Eyre,Universal,85,77,Love,Romance,,,11.24,18.91,30.15,,,0.18
Never Back Down 2: The Beatdown,Sony,?,44,Rivalry,Action,,,,,,3,0.00%,8.60,,,http://www.imdb.com/title/tt1754264/